back-to-1942,0
a-decade-under-the-influence,0
the-backyard,0
running-from-crazy,0
the-house-of-yes,0
how-to-lose-a-guy-in-10-days,0
the-arrival,0
anna-and-the-king,0
an-everlasting-piece,0
weird-science,0
the-amityville-horror-1979,0
benjamin-smoke,0
american-pimp,0
arthur-1981,0
anything-but-love,0
man-of-the-century,0
afterimage,0
lucky-numbers,0
anatomy-of-hell,0
and-while-we-were-here,0
all-about-steve,0
aileen-life-and-death-of-a-serial-killer,0
anatomy-2,0
alice-et-martin,0
almost-peaceful,0
alex-emma,0
freeze-frame,0
bound,0
the-boys-girl-from-county-clare,0
amys-orgasm,0
after-innocence,0
addams-family-values,0
the-addams-family,0
all-the-right-moves,0
airheads,0
beautiful-boxer,0
absence-of-malice,0
welcome-to-collinwood,0
the-adventures-of-felix,0
after-the-wedding,0
airplane-ii-the-sequel,0
addicted-to-love,0
800-bullets,0
all-is-bright,0
a-band-called-death,0
americas-heart-and-soul,0
a-man-of-no-importance,0
airplane!,0
osama,0
the-black-stallion,0
